Name,Approach,Skills,Skill Count,Approach Descriptor,Critical Success,CS Val,CS Text,Success,S Val,S Text,Failure,F Val,F Text,Critical Failure,CF Val,CF Text,Description,Status
1. Criminal Trial,Virtuous,"religion, diplomacy, performance",3,Show Mercy,"Pardon 1d3, -1d4 Unrest",7,Redemptive justice inspires reformation; pardoned criminals become model citizens.,"Pardon 1d3, -1 Unrest",4,Merciful sentences restore balance; pardoned souls embrace second chances.,"-1d3 Gold, +1 Unrest",-4,Unearned leniency emboldens the criminal underworld.,+1d4+1 Unrest,-7,Misplaced mercy ignites fury among victims and lawful folk alike.,A high-profile trial demands the kingdom's attention.,Reviewed
,Practical,"society, diplomacy, nature",3,Fair Trial,"Faction +1, -1d3 Unrest",7,Impeccable legal proceedings set precedent; justice system earns renown.,-1d3 Unrest,4,Balanced verdict satisfies law and conscience; order is maintained.,+1d3 Unrest,-4,Legal technicalities delay justice; public confidence wavers.,"Faction -1, +1d3 Unrest",-7,Procedural chaos allows criminals to exploit loopholes and escape.,,
,Ruthless,"intimidation, performance, deception",3,Harsh Punishment,"Convert 2d4, +1d3 Gold",7,Brutal spectacle terrifies criminals into submission; dissidents vanish into cells.,"Convert 1d3, +1d3 Gold",4,Savage sentences send clear warning; fear silences the underworld.,-1d3 innocents,-4,Excessive cruelty breeds resentment; innocents suffer collateral harm.,"-1d3 innocents, +1d2 Unrest",-7,Tyrannical verdict outrages citizens; innocent blood stains your justice.,,
2. Feud,Virtuous,"diplomacy, society, religion",3,Mediate Peacefully,"Faction +1, Faction +1, -1 Unrest",8,Patient wisdom heals old wounds; former enemies embrace as allies.,-1d3 Unrest,4,Compassionate mediation bridges the divide; peace is restored.,+1d3 Unrest,-4,Stubborn pride rejects reconciliation; tensions remain.,"Faction -1, Faction -1, +1 Unrest",-8,Naive diplomacy insults both families; violence escalates.,A bitter conflict between powerful families threatens stability.,Reviewed
,Practical,"deception, stealth, thievery",3,Manipulate Outcome,"+2d4 Gold, -1d2 Unrest",8,Brilliant schemes unite families without them realizing they were manipulated.,"+1d3 Gold, -1 Unrest",4,Subtle machinations dissolve tensions while preserving appearances.,"-1d3 Gold, +1 Unrest",-4,Exposed deception damages trust; both families turn hostile.,"-1d3 Gold, Army fatigued, +1d2 Unrest",-8,Catastrophic failure reveals your schemes; united in fury against you.,,
,Ruthless,"intimidation, performance, athletics",3,Force Compliance,"Convert 2d3, +2d3 Gold",8,Overwhelming force crushes resistance; terrified families submit utterly.,"Convert 1d3, +1d3 Gold",4,Brutal intimidation silences the feud; fear enforces compliance.,+1d3 Unrest,-4,Heavy-handed tactics ignite greater resentment and defiance.,"Damage 1 structure, -1d2 innocents",-8,Violent crackdown sparks riots; buildings burn as families unite against tyranny.,,
3. Inquisition,Virtuous,"diplomacy, society, medicine",3,Protect the Accused,"Faction +1, -1d4 Unrest",8,Brave defiance vindicates innocents; grateful refugees enrich the realm.,"Faction +1, +1 Gold",4,Principled protection ends hysteria; justice prevails over fear.,"Faction -1, -1 Gold",-4,Zealots brand you heretic-lover; angry mobs gather strength.,"Faction -1, +1d4 Unrest",-8,Furious inquisitors incite riots; persecution escalates wildly.,Religious authorities demand investigation of suspected heresy.,Reviewed
,Practical,"society, deception, occultism",3,Formal Investigation,"-1d3 Unrest, +2d3 Gold",8,Diplomatic balance satisfies all; grateful factions offer tribute.,"+1d3 Gold, -1 Unrest",4,Careful mediation quells hysteria; thankful moderates pay tribute.,"-1d3 Gold, +1 Unrest",-4,Fence-sitting earns scorn from zealots and victims alike.,"+1d3 Unrest, -2d3 Gold",-8,Craven inaction enrages both sides; chaos consumes all.,,
,Ruthless,"religion, intimidation, athletics",3,Support Inquisitors,"+2d4 Gold, Faction +1",8,Merciless purge seizes assets and eliminates troublemakers.,"Convert 1d3, +1d3 Gold",4,Brutal efficiency imprisons dissidents and secures order.,+1d3 innocents,-4,Savage persecution horrifies neighbors; innocents suffer needlessly.,"+1d3 Unrest, +1d3 innocents",-8,Atrocities shock the civilized world; allies turn away in disgust.,,
4. Public Scandal,Virtuous,"society, diplomacy, religion",3,Transparent Response,Gain Action,8,Honesty transforms scandal into triumph; extra action granted.,"-1 Unrest, +1d3 Gold",4,Truth earns respect and unexpected donations.,"+1 Unrest, -1d3 Gold",-4,Investigation drags on; costs and tensions mount.,"+1d4 Unrest, Faction -1",-8,Revelations expose deeper corruption.,A scandal involving a prominent figure rocks the kingdom.,Reviewed
,Practical,"deception, stealth, performance",3,Manage Narrative,"-1d3 Unrest, +2d3 Gold",8,Evidence vanishes without trace; silence purchased.,-1d3 Unrest,4,Whispers fade as bribes work their magic.,+1d3 Unrest,-4,Cover-up unravels; the truth emerges anyway.,"Faction -1, Faction -1, -1d3 Gold",-8,Failed bribes enrage multiple factions.,,
,Ruthless,"intimidation, deception, thievery",3,Suppress Story,"Army Well Trained, Faction +1",8,Scapegoat succeeds; military uses scandal as training.,"+1d3 Gold, -1 Unrest",4,Subordinate takes fall; matter quietly closed.,+1d3 innocents,-4,Obvious framing fools no one.,"-1d4 innocents, Faction -1",-8,Cruel injustice outrages all who witness it.,,
5. Plague,Virtuous,"medicine, religion, nature",3,Quarantine & Care,"Faction +1, Faction +1, -1d3 Unrest",10,Your selfless devotion inspires hope; people rally together.,"Faction +1, +1 Gold",4,Compassionate care earns gratitude and donations.,"-1d3 Food, -1d3 Gold",-4,Treatment costs drain treasuries faster than plague spreads.,"-2d4 Food, Settlement -1 Level",-10,Overwhelmed healers watch helplessly as settlements wither.,A deadly disease threatens the population.,Reviewed
,Practical,"society, medicine, crafting",3,Contain Spread,"-1d4 Unrest, +1 Fame",10,Methodical isolation halts the spread; order restored.,-1d3 Unrest,4,Disciplined measures contain outbreak before it spreads.,"-1d3 Food, +1 Unrest",-4,Quarantine breaches allow disease to claim more victims.,"+1d4 Unrest, -2d4 Food",-10,Chaos erupts as containment fails spectacularly.,,
,Ruthless,"intimidation, survival, athletics",3,Burn the Infected,"+2d4 Gold, -1d4 Unrest",10,Ruthless purge eradicates plague; seized assets fill coffers.,-1d3 Unrest,4,Fear-driven compliance stops the spread cold.,+1d3 Unrest,-4,Heavy-handed tactics create more problems than they solve.,"Lose Worksite, Damage 1 structure",-10,Fires meant to cleanse instead destroy livelihoods.,,
6. Food Shortage,Virtuous,"diplomacy, society, medicine",3,Share Reserves,"-1d3 Unrest, Faction +1, Faction +1",10,Selfless generosity inspires miraculous donations; unity thrives amid scarcity.,-1d3 Unrest,4,Compassionate aid heals hearts; grateful communities endure together.,"+1 Unrest, -1d3 Food",-4,Noble intentions drain reserves; weakened troops fall ill from hunger.,"+1d3 Unrest, -2d4+1 Food",-10,Reckless charity empties storehouses; starving soldiers lose morale.,Crops fail and hunger spreads through the kingdom.,Reviewed
,Practical,"society, nature, crafting",3,Ration & Import,"-1d4 Unrest, +1 Fame",10,Masterful logistics prevent waste; crisis resolved with minimal suffering.,-1d3 Unrest,4,Fair distribution maintains order; citizens accept rationed hardships.,"-1d3 Gold, +1 Unrest",-4,Bureaucratic tangles spoil food; frustration breeds discontent.,"+1d3 Unrest, -1d3 Gold, -2d3 Food",-10,Rationing system collapses; corruption and black markets flourish.,,
,Ruthless,"intimidation, athletics, survival",3,Feed Nobility,"-1d4 Unrest, +2d4 Gold",10,Iron rule crushes dissent; elite feast while cowed masses submit.,+2d3 Gold,4,Military strength preserved; starving commoners simmer with resentment.,"-1d3 Food, +1 Unrest",-4,Desperate hunger ignites riots; mobs ransack buildings seeking food.,"+1d4 Unrest, -1d3 Food, Faction -1",-10,Mass starvation triggers revolt; burning buildings mark your cruelty.,,
7. Natural Disaster,Virtuous,"survival, medicine, athletics",3,Rescue & Relief,"+1 Fame, Faction +1, -1 Unrest",10,Heroic rescues save every soul; grateful survivors rebuild together.,-1d4 Unrest,5,"Compassionate evacuation spares lives; survivors mourn lost homes, not loved ones.",Lose Worksite,-5,Noble focus on people leaves assets unguarded; ruins mark your priorities.,"Damage 1 structure, Lose Worksite",-10,Chaos overwhelms good intentions; crumbling structures bury hopes and dreams.,"Earthquake, flood, or storm devastates the region.",Reviewed
,Practical,"society, crafting, survival",3,Protect Infrastructure,"+2d4 Gold, -1d4 Unrest",10,Methodical coordination saves lives and salvages valuable resources.,"-1d2 Unrest, +1d3 Gold",5,Balanced triage protects most critical assets; measured approach succeeds.,"+1 Unrest, -1d3 Food, -1 Gold",-5,Divided efforts achieve neither goal; disaster claims buildings and morale.,"-1d3 Food, -1d3 Lumber, -1d3 Ore, +1d3 Unrest",-10,Indecision paralyzes response; catastrophe consumes all while leaders deliberate.,,
,Ruthless,"intimidation, survival, thievery",3,Martial Law,"-1d2 Unrest, +1d3 Gold, Army Well Trained",10,Ruthless troops salvage materials from ruins; cold efficiency earns harsh discipline.,"+1d3 Gold, -1d2 Unrest",5,Soldiers guard property over people; saved buildings stand as monuments to greed.,Army enfeebled,-5,Callous priorities exhaust troops guarding doomed structures; shame follows.,"Damage 1 structure, Army enfeebled",-10,Brutal orders break morale; soldiers watch helplessly as everything burns anyway.,,
8. Immigration,Virtuous,"diplomacy, society, medicine",3,Welcome Citizens,"+1d3 Gold, +1 Fame, Faction +1",10,Newcomers thrive; their success inspires others to join.,"+1d3 Gold, Faction +1",5,Grateful settlers share their skills and resources.,"+1 Unrest, Faction -1",-5,Overwhelmed infrastructure breeds resentment.,"Faction -1, +1d3 Unrest, -1d3+1 Food",-10,Desperate migrants strain resources; tensions erupt.,A large group of refugees seeks shelter in your kingdom.,Reviewed
,Practical,"society, survival, nature",3,Selective Entry,"+1 Worksite, -1d4 Unrest",10,Skilled workers establish productive settlements.,-1d4 Unrest,5,Orderly arrival eases transition for all.,"-1d3+1 Gold, -1d3 Food",-5,Bureaucratic delays frustrate everyone involved.,"-1 Fame, -2d3 Gold, -1d3 Food",-11,Mismanagement wastes opportunities and resources.,,
,Ruthless,"intimidation, arcana, occultism",3,Forced Labour,"+1 Worksite, Settlement +1 Level",10,Forced labor rapidly expands your holdings.,+1 Worksite,5,Exploitation yields swift construction.,+1d4 Unrest,-5,Cruelty sparks whispered rebellion.,"+1d4 Unrest, -1 Fame",-10,Brutal conditions horrify neighboring kingdoms.,,
9. Assassination Attempt,Virtuous,"diplomacy, society, medicine",3,Public Investigation,"+1 Fame, Faction +1, -1d4 Unrest",13,Public vigilance captures assassin; transparency forges unbreakable trust.,-1d3 Unrest,4,Open governance reassures citizens; calm resolve foils plot.,"+1d2 Unrest, -1 Gold",-4,Exploited openness allows injury; guards arrive too late.,"+1 Unrest, Lose Action",-10,Stubborn refusal of protection leaves leader gravely wounded.,Someone tries to kill a key figure in the kingdom.,Reviewed
,Practical,"stealth, survival, arcana",3,Secret Investigation,"+2d4 Gold, -1d4 Unrest",10,Brilliant sleuthing unravels entire conspiracy; all traitors seized.,+1d3 Gold,2,Methodical security upgrades quietly neutralize the threat.,"-1d3 Gold, -1 innocents",-4,Expensive investigation yields little; innocents wrongly accused.,"+1 Unrest, Lose Action",-10,Wasteful inquiry bleeds coffers while assassins still lurk.,,
,Ruthless,"intimidation, warfare, athletics",3,Mass Arrests,"Convert 2d4, +2d3 Gold",9,Merciless purge crushes conspiracy; seized assets fill dungeons.,Convert 2d3,4,Brutal crackdown imprisons suspects and terrifies plotters.,+1d3 innocents,-4,Savage overreach jails innocents; resentment festers in shadows.,"Lose Action, +1 Unrest",-10,Tyrannical purge creates martyrs and outrages the realm.,,
10. Crime Wave,Virtuous,"society, diplomacy, religion",3,Community outreach,"-1d4 Unrest, Faction +1",8,Brilliant detective work captures criminals and vindicates innocents.,-1d3 Unrest,4,Methodical investigation brings real culprits to fair trial.,"-1d3 Gold, +1 Unrest",-4,Cold case drains coffers while criminals walk free.,"+1d4 Unrest, -2d4 Gold",-10,Botched inquiry wastes gold and sparks public fury.,"A wave of crime sweeps through the kingdom, threatening public safety.",Reviewed
,Practical,"intimidation, society, arcana",3,Patrols,"-1d2 Unrest, Army Well Trained",8,Tireless guards catch thieves red-handed; trained soldiers emerge.,-1d3 Unrest,4,Visible patrols deter crime and reassure frightened citizens.,+1d3 Unrest,-4,Exhausted guards miss clues; criminals mock futile efforts.,"Army enfeebled, +1d4 Unrest",-10,Failed patrols exhaust troops and embolden criminals.,,
,Ruthless,"intimidation, performance, stealth",3,Crackdown,"Convert 2d4, +1d3+1 Gold",8,Terror reigns supreme; dungeons overflow with arrested suspects.,"Convert 1d3, +1d3 Gold",4,Ruthless sweeps imprison criminals and intimidate survivors.,+1d3 innocents,-4,Brutal raids seize innocents; wrongful arrests breed resentment.,"+1d4 innocents, Damage 1 structure",-10,Savage purge destroys property and outrages the innocent.,,
11. Notorious Heist,Virtuous,"society, diplomacy, religion",3,Track & Recover,"+1 Fame, +2d4 Gold",10,Brilliant detective work captures thieves red-handed; recovered treasures shine.,"+1d3 Gold, -1 Unrest",4,Determined pursuit recovers most stolen goods; justice triumphs over greed.,"-1d3 Gold, +1 Unrest",-4,Noble intentions meet cold trails; expensive investigation yields little.,"-2d4 Gold, +1d4 Unrest",-10,Bungled chase embarrasses guards; empty coffers mock failed justice.,A daring theft threatens your kingdom's security and reputation.,Reviewed
,Practical,"society, intimidation, crafting",3,Increase Security,"-1d4 Unrest, Faction +1, +1d3 Gold",10,Methodical security upgrades deter future crime; seized contraband fills vaults.,"+1 Gold, -1d2 Unrest",4,Pragmatic reforms strengthen defenses; measured response restores order.,"-1 Gold, +1d2 Unrest",-4,Costly precautions stretch budget thin; modest gains disappoint.,"-1d3 Gold, +1d4 Unrest, Faction -1",-10,Elaborate security theater wastes fortune; thieves mock expensive failure.,,
,Ruthless,"intimidation, performance, thievery",3,Terrorize,"Convert 2d4, +2d4 Gold",10,Brutal crackdown shatters criminal networks; terror fills prison cells.,"Convert 1d3, +1d3 Gold",4,Ruthless raids crush resistance; fear silences the underworld.,+1d3 innocents,-4,Indiscriminate violence sweeps up innocents; paranoia breeds injustice.,"Damage 1 structure, -1 Fame",-10,Savage overreaction ignites riots; burning buildings punish tyranny.,,
12. Bandit Activity,Virtuous,"diplomacy, society, religion",3,Negotiate,"+1 Worksite, Faction +1",8,Reformed outlaws become loyal workers; compassion builds prosperity.,-1d3 Unrest,4,Diplomatic resolution spares bloodshed; bandits depart peacefully.,"-1d3 Gold, +1 Unrest",-4,Failed talks force costly bribes to avoid violence.,"-1 Gold, Lose Worksite, +1 Unrest",-8,Bandits mock weakness and ransack worksites for tribute.,Bandits prey on travelers and merchants.,Reviewed
,Practical,"nature, crafting, society",3,Drive Off,"+1 Gold, +1 Worksite, -1 Unrest",8,Stalwart militia routs thieves and recovers stolen wealth.,"+1d3 Gold, -1 Unrest",4,Efficient defense reclaims plunder and restores order.,"-1d3 Gold, +1 Unrest",-4,Bandits strike swiftly; guards arrive to find empty coffers.,"+1d2 Unrest, Army fatigued, -1d3 Gold",-8,Raiders torch worksite before fleeing into wilderness.,,
,Ruthless,"intimidation, stealth, survival",3,Hunt Mercilessly,"Convert 2d3, +1d3 Gold, +1d3 Resource",8,Ruthless hunt annihilates bandits; plunder and prisoners seized.,"Convert 1d3, +1d3 Gold",4,Merciless pursuit captures survivors and reclaims stolen goods.,"-1 innocents, +1 Unrest",-4,Savage tactics turn locals against you; innocents caught in crossfire.,"-1d2 innocents, Army fatigued, +1 Unrest",-8,Brutal carnage destroys property and horrifies witnesses.,,
13. Raiders,Virtuous,"diplomacy, society, survival",3,Defend & Protect,"Faction +1, -1d4 Unrest",8,Former enemies become trading partners; mutual prosperity blooms.,-1d3 Unrest,4,Diplomacy wins fragile peace; raiders depart with dignity.,+1d3 Unrest,-4,Empty promises waste resources; tension simmers unresolved.,"Faction -1, +1d4 Unrest",-8,Scornful raiders extort tribute and mock your weakness.,Armed raiders threaten settlements.,Reviewed
,Practical,"nature, society, crafting",3,Strategic Defense,"+1d3 Gold, -1d3 Unrest, +1d3 Resource",8,Ironclad defenses repel marauders; salvaged gear enriches coffers.,"+1d3 Gold, -1 Unrest",4,Prepared positions turn raiders away without losses.,"+1 Unrest, -1d3 Gold",-4,Weakened defenses crumble under relentless assault.,"Damage 1 structure, -1 Gold, +1 Unrest",-8,Raiders breach walls and raze vital infrastructure.,,
,Ruthless,"intimidation, stealth, deception",3,Counter-raid,"Claim 1 hex, Convert 1d3, +1 Gold",8,Annihilation complete; plundered wealth and captured prisoners secured.,"+1d3 Gold, Convert 1d3",4,Swift victory reclaims stolen goods and captures survivors.,"Army fatigued, -1 Food",-4,Drawn-out battle depletes supplies and exhausts troops.,"Army enfeebled, -1d3 Gold, -1 Food",-8,Ambush shatters forces; survivors limp home in shame.,,
14. Trade Agreement,Virtuous,"diplomacy, society, crafting",3,Generous terms,"+1d3 Gold, Faction +1, Faction +1",8,Selfless terms forge unbreakable bonds; grateful merchants pledge lasting loyalty.,"Faction +1, +1 Gold",4,Fair dealing earns respect; honest trade builds enduring partnerships.,"-1d3 Gold, -1d3 Resource",-4,Noble generosity yields meager returns; goodwill outweighs profit.,"-2d3 Gold, -1d3 Resource, -1d3 Resource",-8,Naive charity invites exploitation; ruthless merchants drain coffers.,A foreign nation offers a trade deal.,Reviewed
,Practical,"diplomacy, society, performance",3,Fair trade,"+1d3 Resource, +1d3 Resource, Faction +1, +1 Gold",8,Masterful negotiation balances interests; mutual prosperity flows endlessly.,"+1d3 Resource, +1d3 Resource",4,Pragmatic compromise satisfies both sides; steady trade enriches all.,"-1d3 Resource, -1d3 Resource",-4,Cautious bargaining yields modest gains; neither side thrills at outcome.,"-1d3 Resource, -1d3 Resource, -2d3 Gold",-8,Inflexible demands offend partners; squandered opportunity breeds resentment.,,
,Ruthless,"intimidation, deception, thievery",3,Exploit Partner,"+2d3 Gold, +1d3 Resource, +1d3 Resource",8,Ruthless leverage extracts maximum profit; cowed merchants accept exploitation.,"+1d3 Resource, +1d3 Gold",4,Aggressive demands secure advantage; reluctant partners submit to greed.,"Faction -1, -1 Resource",-4,Brutal tactics alienate merchants; ill-gotten gains cannot restore trust.,"-1 Fame, Faction -1",-8,Shameless extortion destroys relationships; word spreads of your treachery.,,
15. Economic Surge,Virtuous,"diplomacy, society, crafting",3,Share Prosperity,"Faction +1, -1d3 Unrest, +1d3 Gold",9,Generous wages inspire loyalty; thriving workers fuel even greater prosperity.,"Faction +1, +1 Gold",4,Fair compensation eases tensions and sustains economic momentum.,"Faction -1, -1 Gold",-4,Well-intentioned spending outpaces economic gains.,"-2d3 Resource, -1 Fame",-9,Lavish promises bankrupt treasury while achieving nothing lasting.,Trade and commerce boom unexpectedly.,Reviewed
,Practical,"society, crafting, medicine",3,Stockpile Surplus,"+1d4 Gold, +2d3 Resource, +1d4 Food",9,Strategic investments multiply wealth; warehouses overflow with bounty.,"+1d3 Resource, +1d3 Food",4,Prudent planning stockpiles resources for future needs.,"-1d3 Resource, -1d3 Food",-4,Conservative approach captures only meager surplus.,"-2d3 Gold, -1d4 Resource, -1d4 Food",-9,Mismanaged investments squander the windfall entirely.,,
,Ruthless,"intimidation, society, thievery",3,Exploit for Profit,"+2d3 Resource, +2d4 Gold",9,Ruthless extraction drains every coin; intimidation silences dissent.,+2d3 Gold,4,Heavy-handed taxes seize wealth while citizens grumble bitterly.,"Faction -1, -1 Gold",-4,Greedy demands alienate merchants and drain goodwill.,"+1d3 Unrest, -1 Fame",-9,Crushing taxation ignites violent riots; buildings burn in protest.,,
16. Food Surplus,Virtuous,"nature, diplomacy, medicine",3,Feed the Poor,"Faction +1, +1 Fame",8,Selfless sharing inspires hope; grateful communities build new structures.,"Faction +1, +1 Food",4,Generous hearts feed hungry mouths; loyalty blooms amid plenty.,"-1 Food, +1d2 Unrest",-4,Well-meaning charity attracts opportunists; resentment brews.,"-2d4 Food, Faction -1",-8,Naive generosity creates chaos; spoiled food breeds discontent.,Abundant harvests create excess food.,Reviewed
,Practical,"society, crafting, diplomacy",3,Store & Trade,"+2d3 Food, +2d3 Gold",8,Expert preservation secures future; markets stabilize as prices drop.,"+1d3 Food, +1d3 Gold",4,Methodical storage fills granaries; fears of scarcity vanish.,"-1d3 Food, -1d3 Gold",-4,Bureaucratic delays spoil perishables; profits shrink.,"-2d3 Food, -2d3 Gold",-8,Mismanaged warehouses rot; wasted bounty mocks planning.,,
,Ruthless,"society, diplomacy, deception",3,Tax the Farmers,"+3d3 Gold, +1d3 Food",8,Ruthless trade secures foreign wealth; new markets open eagerly.,+2d3 Gold,4,Shrewd merchants exploit demand; coffers overflow with gold.,+1d3 Unrest,-4,Greed blinds leaders; hungry citizens watch exports sail away.,"Faction -1, +1d4 Unrest",-8,Callous profiteering sparks outrage; people remember this betrayal.,,
17. Boomtown,Virtuous,"diplomacy, society, medicine",3,Community Planning,"Settlement +1 Level, +1 Structure",10,Equitable growth inspires loyalty; grateful workers build freely.,Settlement +1 Level,5,Fair housing stabilizes boom; settlement expands peacefully.,-2d3 Gold,-4,Generous promises drain coffers faster than revenue arrives.,"-2d4 Gold, -1 Fame",-10,Chaotic planning collapses infrastructure and breeds chaos.,A settlement experiences rapid growth.,Reviewed
,Practical,"society, crafting, nature",3,Managed Expansion,"+1 Structure, +1d4 Resource, +1d4 Food",10,Perfect regulations channel boom into wealth and infrastructure.,+1 Structure,5,Measured permits guide sustainable expansion without waste.,"-1d3 Gold, -1d3 Resource",-4,Endless paperwork strangles growth; frustrated builders flee.,"-1d4 Gold, -1d4 Resource, -1 Fame",-10,Suffocating bureaucracy kills momentum and enrages citizens.,,
,Ruthless,"intimidation, society, athletics",3,Exploit Markets,"+2d4 Gold, +1 Structure",10,Ruthless fees bleed boom dry; gold flows endlessly into vaults.,+1 Structure,5,Extortionate rents extract wealth from resentful newcomers.,+1d2 Unrest,-3,Greedy fees spark anger; profit drowns in rising unrest.,"+1d4 Unrest, -1 Fame",-10,Naked exploitation outrages all; reputation crumbles.,,
18. Land Rush,Virtuous,"diplomacy, survival, society",3,Fair Distribution,"Claim 1 hex, Claim 1 hex",10,Generous grants unite pioneers; thriving settlements spring forth.,Claim 1 hex,5,Fair distribution earns loyalty; grateful settlers claim their plots.,"-1 Gold, +1d3 Unrest",-5,Noble ideals meet harsh reality; chaos drains coffers.,"-1 Fame, Lose Worksite",-10,Naive charity empowers land-grabbers; disorder reigns unchecked.,Settlers compete for newly available land.,Reviewed
,Practical,"society, survival, performance",3,Auction,"Claim 1 hex, +2d4 Gold",10,Methodical planning yields prosperous settlements and steady revenue.,Claim 1 hex,5,Efficient permits channel settlers wisely; order prevails.,"-1d3 Gold, +1d2 Unrest",-5,Rigid bureaucracy stifles pioneer spirit; delays frustrate all.,"-2d3 Gold, +1d3 Unrest, -1d3 Resource",-10,Tangled regulations spawn corruption; chaos erupts anyway.,,
,Ruthless,"intimidation, society, thievery",3,Favor Allies,"Claim 1 hex, Faction +1, +1d3 Gold",10,Ruthless auctions enrich allies; favored settlers build lucrative ventures.,Claim 1 hex,5,Shrewd bidding fills coffers; well-connected pioneers claim prime land.,"Faction -1, +1 Unrest",-5,Blatant favoritism breeds anger; common folk denounce corruption.,"Faction -1, Fame -1, -1d3 Gold",-10,Greedy schemes backfire; outraged settlers abandon kingdom entirely.,,
19. Pilgrimage,Virtuous,"religion, diplomacy, medicine",3,Free Passage,"Faction +1, Fame +1, -1 Unrest",10,Divine blessings rain upon generous hosts.,-1d3 Unrest,4,Grateful pilgrims leave offerings and prayers.,+1d3 Unrest,-4,Overwhelmed towns struggle with endless visitors.,"Faction -1, Fame -1, +1 Unrest",-10,Chaos breeds resentment; sacred journey sours.,Religious travelers pass through your kingdom seeking holy sites.,Reviewed
,Practical,"society, religion, survival",3,Protect the Pilgrims,"-1d4 Unrest, Army Well Trained",10,Perfect organization earns praise and trains guards.,"+1d3 Gold, -1 Unrest",4,Fees fund smooth passage for all.,"-1d3 Gold, +1 Unrest",-4,Bureaucracy frustrates faithful travelers.,"-1d3 Gold, +1d4 Unrest, Army fatigued",-10,Greed offends pilgrims; guards overwhelmed.,,
,Ruthless,"intimidation, society, thievery",3,Pay or be Persecuted,"+2d4 Gold, +2d4 Resource",10,Wealthy devotees pay lavishly for sacred access.,+2d3 Gold,4,Heavy tolls extract maximum profit.,+1d3 innocents,-4,Cruel fees turn away the faithful.,"Fame -1, Faction -1, +1 Unrest",-10,Multiple faiths condemn your naked avarice.,,
20. Diplomatic Overture,Virtuous,"diplomacy, society, religion",3,Generous Terms,"+1 Fame, Faction +1",8,Magnanimous generosity forges unbreakable alliance and thriving trade.,"Faction +1, -1 Unrest",5,Generous treaty strengthens bonds; neighbors become trusted friends.,"Faction -1, +1 Unrest",-5,Excessive charity drains coffers while gaining little diplomatic ground.,"Faction -1, +1d4 Unrest",-8,Weakness displayed; rivals scorn your naive generosity.,A foreign nation offers diplomatic relations.,Reviewed
,Practical,"diplomacy, society, performance",3,Balanced Agreement,"Faction +1, +1d4 Resource, +1d4 Resource",8,Masterful negotiation secures profit while earning genuine respect.,"Faction +1, +1d3 Resource",5,Fair bargain satisfies both realms; mutual prosperity begins.,"Faction -1, -1d3 Resource",-5,Cautious haggling yields meager goodwill but no tangible trade.,"Faction -1, -1d4 Resource, -1d4 Resource",-8,Calculating tone offends neighbors; talks collapse in bitterness.,,
,Ruthless,"intimidation, deception, thievery",3,Exploit Relationship,"+2d4 Gold, Faction +1",8,Intimidating demands accepted; cowed neighbors provide lucrative tribute.,"+1d3 Gold, Faction +1",5,Strong-arm tactics extract concessions; neighbors comply reluctantly.,"-1d3 Gold, Faction -1",-5,Excessive greed offends; negotiations collapse in mutual distrust.,"-1 Fame, Faction -1",-8,Brazen demands spark outrage across multiple neighboring kingdoms.,,
21. Festive Invitation,Virtuous,"diplomacy, performance, acrobatics",3,Attend Humbly,"Fame +1, Faction +1, -1 Unrest",10,Your down-to-earth warmth inspires joy and lasting friendships.,"Faction +1, -1 Unrest",5,Sincere camaraderie earns respect among common folk.,"Faction -1, +1 Unrest",-5,Your quiet presence fades into the crowded festivities.,"Faction -1, Fame -1, +1 Unrest",-10,Enemies mistake humility for fear; insults fly openly.,Your kingdom is invited to a grand celebration.,Reviewed
,Practical,"diplomacy, society, crafting",3,Diplomatic Gifts,"Faction +1, +2d4 Gold, +1d3 Resource",10,Lavish gifts spark bidding war; nobles shower you with riches.,"Faction +1, +1d3 Resource",5,Thoughtful offerings open doors to new trade partners.,"-1d3 Gold, Faction -1",-5,Guests accept gifts politely but offer nothing in return.,"-2d3 Gold, Faction -1, Faction -1",-10,Offended host publicly refuses; allies distance themselves.,,
,Ruthless,"intimidation, performance, athletics",3,Display Power,"Army equip, -1d4 Unrest",10,Stunning martial parade earns fear and plundered war trophies.,Army Well Trained,5,Intimidating show of force trains soldiers but alienates guests.,"Army fatigued, +1 Unrest",-5,Aggressive posturing exhausts troops without impressing anyone.,"Army enfeebled, +1d4 Unrest",-10,Brutal display horrifies all; tired soldiers slump in disgrace.,,
22. Visiting Celebrity,Virtuous,"diplomacy, society, crafting",3,Simple Hospitality,"+1 Fame, Faction +1",8,Heartfelt welcome touches hearts; moved celebrity spreads glowing tales.,"Faction +1, +1d3 Gold",5,Humble kindness forms genuine bond; grateful guest honors friendship.,"Faction -1, -1d3 Gold",-5,Simple gestures feel inadequate; disappointed entourage departs quietly.,"Fame -1, Faction -1",-8,Naive hospitality insults prestigious guests; offended allies spread scorn.,A famous figure visits your kingdom.,Reviewed
,Practical,"performance, society, diplomacy",3,Appropriate Ceremony,"+1 Fame, +1d3+1 Gold",8,Flawless ceremony impresses all; diplomatic exchanges yield lasting prosperity.,+1 Fame,5,Measured pomp satisfies protocols; respectful balance earns reputation.,Fame -1,-5,Stiff formality rings hollow; expensive pageantry yields little warmth.,"-1 Fame, +1d2 Unrest",-8,Botched protocols embarrass all; wasted grandeur breeds mockery.,,
,Ruthless,"performance, diplomacy, thievery",3,Lavish Display,+4d3 Gold,8,Ruthless opulence dazzles celebrity; awed guests shower kingdom with riches.,+2d4 Gold,5,Shameless spectacle impresses elite; extravagant display purchases favor.,-2d4 Gold,-5,Wasteful excess outrages citizens; gilded theater cannot mask greed.,"-1 Fame, -1 Gold, +1 Unrest",-8,Grotesque indulgence sparks riots; burning wealth mocks starving masses.,,
23. Grand Tournament,Virtuous,"performance, athletics, religion",3,Free Celebrations,"Faction +1, Fame +1, -1 Unrest",10,Free games unite the realm; joy echoes in every heart.,Fame +1,5,Open celebration inspires pride and loyalty.,Damage 1 structure,-5,Crowds overwhelm facilities; property damaged.,"-2d4 Gold, Damage 1 structure",-10,Chaos and vandalism mar the festivities.,A grand tournament brings competitors from across the realm.,Reviewed
,Practical,"athletics, society, crafting",3,Organized Event,"+1 Structure, +1d3 Gold, Faction +1",10,Perfect event attracts permanent arena construction.,"+1d3 Gold, Faction +1",5,Entry fees and wagers generate healthy profit.,"Faction -1, -1d3 Gold",-5,Costs exceed revenues; organizers disappointed.,"-1d3 Gold, Faction -1, Damage 1 structure",-10,Accidents tarnish reputation and damage grounds.,,
,Ruthless,"diplomacy, performance, thievery",3,Exclusive Affair,"Army Well Trained, Faction +1, +1d3 Gold",10,Elite nobles compete; winning troops gain prestige.,Army Well Trained,5,Exclusive bouts sharpen military skills.,"Army fatigued, -1d3 Gold",-5,Commons resent exclusion; troops exhausted.,"-1 Fame, Army fatigued, -1 innocents",-10,Riots erupt outside locked gates; casualties mount.,,
24. Archaeological Find,Virtuous,"society, religion, crafting",3,Preserve Heritage,"Faction +1, Settlement +1 Level",8,Citizens flock to the heritage site; the settlement thrives.,Settlement +1 Level,5,Cultural pride strengthens community bonds.,Settlement -1 Level,-5,Poorly managed site becomes burden on the settlement.,"Settlement -1 Level, Faction -1",-8,Neglected ruins anger historians and locals alike.,Ancient ruins or artifacts are discovered in your territory.,Reviewed
,Practical,"society, occultism, arcana",3,Scholarly Study,"+1 Structure, Faction +1",8,Museum draws scholars and tourists from distant lands.,"Faction +1, +1d3 Gold",5,Academic interest brings modest revenue.,"-1d3 Gold, Faction -1",-5,Research costs spiral beyond initial estimates.,"Fame -1, Faction -1",-8,Failed exhibition embarrasses royal patrons.,,
,Ruthless,"diplomacy, society, thievery",3,Sell Artifacts,"+2d4 Gold, Faction +1",8,Wealthy collectors compete for prized relics.,+2d4 Gold,5,Private auctions yield substantial profit.,-2d4 Gold,-5,Rushed sales fumble valuable artifacts.,"Faction -1, -2d4 Gold",-8,Greed angers scholars; treasures sold for pittance.,,
25. Magical Discovery,Virtuous,"arcana, diplomacy, occultism",3,Share Freely,"Faction +1, Faction +1, Fame +1",11,Selfless sharing sparks wondrous breakthroughs; nations praise generosity.,Fame +1,5,Open hearts share arcane secrets; grateful scholars spread your fame.,Fame -1,-5,Naive idealism invites reckless experimentation; accidents tarnish reputation.,"Faction -1, Faction -1, Fame -1",-11,Unchecked access unleashes magical chaos; explosions shatter buildings and trust.,A source of magical power is discovered.,Reviewed
,Practical,"arcana, society, crafting",3,Academic Study,"Fame +1, Faction +1, +1d3+1 Gold",11,Methodical study unlocks sustainable arcane innovations; steady profits flow.,"+1d3 Gold, Faction +1",5,Regulated research channels power safely; controlled gains satisfy all.,"Faction -1, -1d3 Gold",-5,Bureaucratic restrictions frustrate ambitious mages; resentment builds.,"Faction -1, Fame -1, +d2 Unrest",-11,Tangled regulations stifle discovery; wasted potential breeds anger.,,
,Ruthless,"intimidation, arcana, thievery",3,Secret Knowledge,"+3d3 Gold, Fame +1",11,Ruthless secrecy exploits arcane power; vast wealth flows from monopoly.,+2d4 Gold,5,Guarded knowledge enriches only kingdom coffers; profits soar unchallenged.,-2d4 Gold,-5,Jealous hoarding breeds whispers of corruption; gold cannot buy trust.,"-1 Fame, Damage 1 structure, -1 Gold",-11,Paranoid control sparks magical sabotage; explosions punish greed.,,
26. Remarkable Treasure,Virtuous,"diplomacy, society, religion",3,Share with All,"Fame +1, -1d3 Unrest",9,Selfless sharing unites hearts; grateful factions celebrate generous leaders.,-1d3 Unrest,4,Fair distribution eases burdens; grateful citizens praise compassion.,"-1d3 Gold, -1d3 Resource",-4,Noble gestures squander wealth inefficiently; waste overshadows kindness.,"+1d3 Unrest, Fame -1",-9,Chaotic handouts spark riots over unfair shares; good intentions burn.,A valuable treasure is discovered or recovered.,Reviewed
,Practical,"society, crafting, thievery",3,Add to Treasury,"+2d4 Gold, +2d3 Resource",9,Methodical investment multiplies treasure; wise planning yields lasting prosperity.,"+1d3 Gold, +1d3 Resource",4,Pragmatic allocation strengthens coffers; measured approach builds reserves.,+1d3 Unrest,-4,Bureaucratic hoarding frustrates citizens watching wealth locked away.,"+1d3 Unrest, Fame -1",-9,Greedy stockpiling breeds anger; resentment costs more than treasure gains.,,
,Ruthless,"thievery, diplomacy, deception",3,Keep for Leadership,"Gain Action, +1 Gold",9,Ruthless elite claim spoils; enriched leaders ignore public grumbling.,+2d3 Gold,4,Greedy leaders pocket treasure; simmering anger shadows ill-gotten gains.,+1d3 Unrest,-4,Blatant theft outrages citizens; stolen wealth cannot buy lost trust.,"+1d3 Unrest, -1 Fame",-9,Shameless plunder sparks rebellion; paralyzed leadership faces consequences.,,
28. Nature's Blessing,Virtuous,"nature, diplomacy, religion",3,Preserve Carefully,"+2d3 Food, +1d3 Resource, -1d3 Unrest",10,Reverent stewardship multiplies nature\,"+1d3 Food, -1d3 Unrest",6,Gentle care preserves beauty; grateful hearts harvest sustainable bounty.,"-1d3 Food, -2d3 Resource",-6,Overcautious protection prevents use; wonder fades untouched and wasted.,"-2d3 Resource, -2d3 Resource",-8,Timid inaction squanders opportunity; ephemeral beauty vanishes unremarked.,A natural wonder brings bounty to your lands.,Reviewed
,Practical,"nature, society, crafting",3,Harvest Sustainably,"+2d4 Food, +2d4 Resource",10,Wise planning balances harvest and preservation; abundance fills storehouses.,"+2d3 Resource, +1d3 Food",6,Measured gathering respects nature while providing steady resources.,"-1d3 Food, -2d3 Resource",-6,Hesitant management yields meager results; neither preserved nor harvested well.,"-2d3 Resource, -2d3 Resource",-8,Confused directives waste opportunity; botched harvest angers everyone.,,
,Ruthless,"nature, intimidation, thievery",3,Exploit Fully,"+2d4 Food, +2d4 Gold",10,Ruthless extraction strips nature bare; mountains of wealth mask moral cost.,"+2d4 Gold, +1 Food",6,Greedy harvesting fills coffers; devastated landscape testifies to ambition.,"+1d3 Unrest, -1d3 Resource",-6,Brutal exploitation destroys beauty for fleeting gains; outrage follows waste.,"+1d3 Unrest, -2d3 Resource",-8,Reckless devastation leaves barren scars; destroyed wonder breeds bitter regret.,,
29. Good Weather,Virtuous,"performance, diplomacy, religion",3,Celebrate,-1d4 Unrest,5,Joyous festivals unite hearts; tales of revelry spread far and wide.,-1d2 Unrest,3,Grateful citizens rest beneath blue skies; harmony fills the realm.,-1d3+1 Gold,-3,Idle hands while others toil; workers grumble at unfairness.,-2d4 Gold,-5,Prolonged revelry empties coffers; indulgence breeds contempt.,Unusually favorable weather presents opportunities.,Reviewed
,Practical,"nature, society, crafting",3,Work Hard,"+1d4 Resource, +1d4 Food",5,Tireless labor under perfect skies fills barns and coffers alike.,+1d3+1 Food,3,Steady hands gather bounty; pragmatic planning yields prosperity.,+1d2 Unrest,-3,Relentless demands exhaust willing workers; discontent simmers.,+1d4 Unrest,-5,Brutal schedules break spirits; exhausted laborers rebel.,,
,Ruthless,"intimidation, performance, survival",3,Military Exercises,Army Well Trained,5,Brutal drills forge elite warriors; ruthless discipline inspires fear.,Heal Army,3,Merciless training hardens soldiers; armies grow battle-ready.,Army fatigued,-3,Harsh exercises push troops too far; weary soldiers stumble.,Army enfeebled,-5,Ruthless demands break bodies and morale; training backfires.,,
30. Military Exercises,Virtuous,"athletics, survival, performance",3,Defensive Drills,"Fortify Hex, Fame +1",11,Inspired defenders fortify borders; citizens praise your vigilance.,Fortify Hex,6,Methodical drills secure strategic positions without incident.,"Army fatigued, Faction -1",-6,Overworked soldiers grumble; allies question your judgment.,"Army enfeebled, -1 Fame",-10,Training accidents cripple troops and humiliate commanders.,Your armies conduct training exercises.,Reviewed
,Practical,"crafting, society, intimidation",3,Equipment Focus,"Army equip, Army equip, +1 Gold",11,Master craftsmen forge superior gear; sponsors fund more.,"Army equip, +1 Gold",6,Efficient logistics upgrade armaments and save resources.,"Army fatigued, -1d3+1 Gold",-6,Budget overruns yield exhausted troops and empty coffers.,"Army enfeebled, -1 Fame",-10,Mismanagement depletes funds and crushes troop morale.,,
,Ruthless,"intimidation, deception, athletics",3,Aggressive Training,"Army Well Trained, Fame +1, +1 Gold",11,Fierce spectacle terrifies rivals; hardened warriors emerge victorious.,"Army Well Trained, +1 Gold",6,Grueling regimen forges elite soldiers and attracts mercenary coin.,"Army fatigued, Faction -1",-6,Ruthless drills shatter bodies and provoke neighboring outrage.,"Army enfeebled, -1 Fame",-10,Savage methods break soldiers and invite universal condemnation.,,
31. Drug Den,Virtuous,"medicine, diplomacy, religion",3,Rehabilitation,"Faction +1, -1d4 Unrest",8,Compassionate care redeems addicts; community celebrates recovery stories.,-1d3 Unrest,4,Treatment programs heal suffering souls and restore shattered families.,-2d3 Gold,-4,Expensive programs deplete treasury with limited recovery success.,"-2d3 Gold, Damage 1 structure",-9,Naive idealism drains coffers while trade flourishes unchecked.,Illegal substances are being distributed in your kingdom.,Reviewed
,Practical,"society, medicine, thievery",3,Regulate & Tax,"+2d4 Gold, +Ongoing Gold (1 for 3)",8,Pragmatic licensing transforms vice into sustainable revenue stream.,"+1 Gold, +Ongoing Gold",4,Controlled trade fills coffers while maintaining public order.,+1d3 Unrest,-4,Underground dealers evade taxes; regulation proves toothless.,"+1d3 Unrest, Fame -1",-9,Profiteering from suffering outrages citizens and damages legitimacy.,,
,Ruthless,"intimidation, athletics, stealth",3,Crush with Force,"Convert 1d3+1, Fame +1",8,Brutal raids terrorize dealers into submission; imprisoned criminals rot in cells.,Convert 2d3,4,Savage crackdown disrupts supply; fear silences the trade.,+1d3 innocents,-4,Brutal tactics spark outrage; innocents suffer alongside dealers.,"Damage 1 structure, -1d3 innocents",-9,Violent raids ignite riots; burning buildings mark your tyranny.,,
32. Monster Attack,Virtuous,"nature, diplomacy, medicine",3,Relocate Peacefully,"Fame +1, Faction +1",8,Harmony restored; the grateful beast becomes a local guardian.,Fame +1,5,Peaceful relocation succeeds; creature departs safely.,Fame -1,-5,Stubborn beast refuses; diplomatic efforts exhausted.,"Damage 1 structure, +1d4 Unrest",-10,Enraged creature rampages through nearby structures.,A dangerous creature threatens settlements.,Reviewed
,Practical,"stealth, intimidation, survival",3,Hire Hunters,"+2d4 Gold, -1d2 Unrest",8,Expert hunters claim trophy parts worth a fortune.,"+1d3+1 Gold, -1 Unrest",5,Professional kill yields valuable materials for sale.,"+1 Unrest, -1d3+1 Gold",-5,Costly hunt ends in failure; gold wasted on fruitless pursuit.,"-2d4 Gold, +1d4 Unrest",-10,Fleeing hunters leave carnage and broken buildings behind.,,
,Ruthless,"intimidation, athletics, stealth",3,Mobilize Army,"Army Well Trained, +1d3+1 Gold",8,Decisive victory forges battle-hardened veterans from raw troops.,Army Well Trained,5,Coordinated assault trains soldiers in live combat.,"Army fatigued, -1d3 Gold",-5,Beast outmaneuvers weary troops; collateral damage spreads.,"Army enfeebled, Damage 1 structure",-10,Humiliating rout leaves soldiers wounded and demoralized.,,
33. Undead Uprising,Virtuous,"occultism, diplomacy, religion",3,Consecrate Land,"Faction +1, Fame +1",8,Sacred rituals grant eternal peace; blessed ground yields abundant harvest.,-1d3 Unrest,4,Compassionate rites lay troubled spirits to rest; gratitude fills the air.,+1d4 Unrest,-5,Gentle ceremonies prove insufficient; restless dead resist prayers.,"Damage 1 structure, +1d4 Unrest",-10,Naive faith falters; enraged spirits shatter sanctuaries in fury.,The dead rise to threaten the living.,Reviewed
,Practical,"occultism, athletics, intimidation",3,Mobilize Troops,"Faction +1, Army Well Trained",8,Disciplined troops contain outbreak; methodical response trains elite defenders.,"Faction +1, +1 Gold",4,Professional forces quarantine threat; systematic purge succeeds.,"-1d3 Gold, Faction -1",-5,Cautious tactics drain coffers; indecisive leadership loses ground.,"Damage 1 structure, Fame -1",-10,Hesitant response allows spread; overwhelmed forces flee in terror.,,
,Ruthless,"intimidation, stealth, thievery",3,Burn Everything,"Convert 2d3 (necromancers), +2d3 Gold",8,Ruthless flames purge corruption; captured necromancers face brutal justice.,"Convert 1d3, +1d3 Gold",4,Merciless inferno consumes undead; scorched earth marks grim victory.,Lose 1 hex,-5,Reckless burning spreads chaos; indiscriminate flames devour innocent lands.,"Damage 1 structure, Lose 1 hex",-10,Catastrophic firestorm razes everything; ashes mark shameful defeat.,,
34. Cult Activity,Virtuous,"society, diplomacy, religion",3,Investigate Respectfully,"Faction +1, -1d4 Unrest",8,Respectful inquiry reveals benign practices; relations bloom.,-1d3 Unrest,4,Understanding dispels fear and mistrust.,+1d3 Unrest,-4,Half-hearted investigation satisfies no one.,"Faction -1, +1d4 Unrest, -1d3 Gold",-10,Offended cultists vandalize property in retaliation.,A secretive cult operates within your kingdom.,Reviewed
,Practical,"stealth, society, occultism",3,Monitor & Contain,"Faction +1, Army Well Trained",8,Surveillance exposes schemes; trained agents prevent spread.,"+1 Gold, Faction +1",4,Vigilant watch contains cult influence.,"Faction -1, -1 Gold",-4,Wasted resources buy no useful intelligence.,"+Ongoing Unrest, -2d3 Gold",-10,Cult slips past watchers; influence festers.,,
,Ruthless,"intimidation, athletics, stealth",3,Heretics Burn,"Convert 1d3 (cultists), -1d3 Unrest, +1d3 Gold",8,Ruthless purge crushes cult; seized treasures enrich coffers.,"Convert 1d3, +1d3 Gold",4,Swift arrests dismantle the organization.,+1d3 innocents,-4,Brutal tactics sweep up innocents with cultists.,"Fame -1, Damage 1 structure",-10,Violent suppression sparks riots; buildings burn.,,